kode_kabupaten_kota,Wilayah,Banjir,Tahun,Penduduk,Longsor,Stasiun,Curah_Hujan,Cluster,PCA1,PCA2
3201,KABUPATEN BOGOR,5,2015,5403072.805,16,GUNUNG PUTRI II,499,2,1.319614409,-0.830392456
3202,KABUPATEN SUKABUMI,6,2015,2434220,42,GUNUNG PUTRI II,499,2,0.521699529,-0.37454394
3203,KABUPATEN CIANJUR,3,2015,2243900,9,GUNUNG PUTRI II,499,2,-0.431418101,-0.357736225
3204,KABUPATEN BANDUNG,11,2015,3534110,19,CIAMIS KOTA,365,2,0.991398373,-1.315190342
3205,KABUPATEN GARUT,5,2015,2548720,15,CIAMIS KOTA,365,2,-0.063153333,-1.205252281
3206,KABUPATEN TASIKMALAYA,1,2015,1736000,4,CIAMIS KOTA,365,2,-0.989233873,-1.105828364
3207,KABUPATEN CIAMIS,3,2015,1168680,6,CIAMIS KOTA,365,2,-1.035816415,-1.005152937
3208,KABUPATEN KUNINGAN,3,2015,1055420,21,CIAMIS KOTA,365,2,-0.814628043,-0.991760893
3209,KABUPATEN CIREBON,1,2015,2126180,1,CIAMIS KOTA,365,2,-0.865157308,-1.164920748
3210,KABUPATEN MAJALENGKA,3,2015,1182110,12,CIAMIS KOTA,365,2,-0.920443065,-1.008811537
3211,KABUPATEN SUMEDANG,3,2015,1137270,8,CIAMIS KOTA,365,2,-1.013793399,-1.000864021
3212,KABUPATEN INDRAMAYU,1,2015,1691390,0,CIAMIS KOTA,365,2,-1.082478875,-1.097916152
3213,KABUPATEN SUBANG,0,2015,1529390,1,GUNUNG PUTRI II,499,2,-1.169499931,-0.267122389
3214,KABUPATEN PURWAKARTA,0,2015,921598,3,GUNUNG PUTRI II,499,2,-1.411438566,-0.174361302
3215,KABUPATEN KARAWANG,0,2015,2273580,0,GUNUNG PUTRI II,499,2,-0.846892236,-0.381086177
3216,KABUPATEN BEKASI,3,2015,3246010,0,GUNUNG PUTRI II,499,2,-0.136323121,-0.509160093
3217,KABUPATEN BANDUNG BARAT,2,2015,1629420,7,CIAMIS KOTA,365,2,-0.895021414,-1.083204057
3218,KABUPATEN PANGANDARAN,1,2015,390483,6,KALIPUCANG,386,2,-1.560031553,-0.77237893
3271,KOTA BOGOR,0,2015,1047920,1,GUNUNG PUTRI II,499,2,-1.389995395,-0.193218804
3272,KOTA SUKABUMI,0,2015,318117,0,GUNUNG PUTRI II,499,2,-1.742422011,-0.080930975
3273,KOTA BANDUNG,2,2015,2481470,2,CIAMIS KOTA,365,2,-0.595833097,-1.212659125
3274,KOTA CIREBON,1,2015,307494,0,CIAMIS KOTA,365,2,-1.71625209,-0.885494038
3275,KOTA BEKASI,1,2015,2714820,0,GUNUNG PUTRI II,499,2,-0.55640992,-0.44175132
3276,KOTA DEPOK,0,2015,2106100,0,GUNUNG PUTRI II,499,2,-0.923591886,-0.355378714
3277,KOTA CIMAHI,0,2015,586580,0,CIAMIS KOTA,365,2,-1.676851724,-0.935395854
3278,KOTA TASIKMALAYA,2,2015,657477,2,CIAMIS KOTA,365,2,-1.431154471,-0.932684006
3279,KOTA BANJAR,0,2015,181425,3,CIAMIS KOTA,365,2,-1.807786285,-0.874004871
3201,KABUPATEN BOGOR,18,2016,5403072.805,47,GUNUNG PUTRI II,842,0,3.180136974,1.334873657
3202,KABUPATEN SUKABUMI,19,2016,2444620,53,GUNUNG PUTRI II,842,0,2.022908554,1.794449659
3203,KABUPATEN CIANJUR,7,2016,2250980,12,GUNUNG PUTRI II,842,1,0.126943589,1.750326734
3204,KABUPATEN BANDUNG,33.76479186,2016,3596620,31,CIAMIS KOTA,610,0,3.356026377,0.319740134
3205,KABUPATEN GARUT,11,2016,2569500,21,CIAMIS KOTA,610,1,0.690953878,0.319265814
3206,KABUPATEN TASIKMALAYA,8,2016,1742280,61,CIAMIS KOTA,610,1,0.775038286,0.414402935
3207,KABUPATEN CIAMIS,5,2016,1175390,24,CIAMIS KOTA,610,1,-0.423349756,0.490077302
3208,KABUPATEN KUNINGAN,2,2016,1061890,73,CIAMIS KOTA,610,1,0.15142639,0.473265729
3209,KABUPATEN CIREBON,0,2016,2143000,0,CIAMIS KOTA,610,1,-0.859165298,0.312625371
3210,KABUPATEN MAJALENGKA,6,2016,1188000,25,CIAMIS KOTA,610,1,-0.310960318,0.494938838
3211,KABUPATEN SUMEDANG,13,2016,1142100,28,CIAMIS KOTA,610,1,0.341505576,0.55062888
3212,KABUPATEN INDRAMAYU,4,2016,1700810,0,CIAMIS KOTA,610,1,-0.708029149,0.40875288
3213,KABUPATEN SUBANG,1,2016,1546000,0,GUNUNG PUTRI II,842,1,-0.944821243,1.819352596
3214,KABUPATEN PURWAKARTA,0,2016,932701,1,GUNUNG PUTRI II,842,1,-1.295896404,1.906161866
3215,KABUPATEN KARAWANG,13,2016,2295780,1,GUNUNG PUTRI II,842,1,0.477682576,1.788758093
3216,KABUPATEN BEKASI,12,2016,3371690,0,GUNUNG PUTRI II,842,1,0.863795063,1.616813395
3217,KABUPATEN BANDUNG BARAT,3,2016,1648390,22,CIAMIS KOTA,610,1,-0.419962287,0.403879592
3218,KABUPATEN PANGANDARAN,6,2016,392817,11,KALIPUCANG,981,1,-0.771124172,2.872352051
3271,KOTA BOGOR,2,2016,1064690,18,GUNUNG PUTRI II,842,1,-0.749164007,1.895503473
3272,KOTA SUKABUMI,2,2016,321097,5,GUNUNG PUTRI II,842,1,-1.326351746,2.013102313
3273,KOTA BANDUNG,7,2016,2490620,3,CIAMIS KOTA,610,1,-0.02648179,0.307911777
3274,KOTA CIREBON,1,2016,310486,0,CIAMIS KOTA,610,1,-1.609978269,0.600971736
3275,KOTA BEKASI,9,2016,2787210,1,GUNUNG PUTRI II,842,1,0.349096526,1.685072454
3276,KOTA DEPOK,1,2016,2179810,0,GUNUNG PUTRI II,842,1,-0.65455969,1.722065473
3277,KOTA CIMAHI,9,2016,594021,11,CIAMIS KOTA,610,1,-0.572602074,0.611028689
3278,KOTA TASIKMALAYA,6,2016,659606,14,CIAMIS KOTA,610,1,-0.753187234,0.578973168
3279,KOTA BANJAR,1,2016,181901,2,CIAMIS KOTA,610,1,-1.632457811,0.6201766
3201,KABUPATEN BOGOR,20,2017,5403072.805,68,GUNUNG PUTRI II,645,0,3.654887505,0.147801134
3202,KABUPATEN SUKABUMI,19,2017,2453500,105,GUNUNG PUTRI II,645,0,2.889222734,0.583635522
3203,KABUPATEN CIANJUR,5,2017,2256590,23,GUNUNG PUTRI II,645,1,0.06858229,0.536801783
3204,KABUPATEN BANDUNG,30,2017,3657600,27,CIAMIS KOTA,930.5,0,3.115520815,2.229993551
3205,KABUPATEN GARUT,4,2017,2588840,27,CIAMIS KOTA,930.5,1,0.327389876,2.210397598
3206,KABUPATEN TASIKMALAYA,5,2017,1747320,38,CIAMIS KOTA,930.5,1,0.230657523,2.343702513
3207,KABUPATEN CIAMIS,4,2017,1181980,29,CIAMIS KOTA,930.5,1,-0.280492367,2.425812203
3208,KABUPATEN KUNINGAN,4,2017,1068200,43,CIAMIS KOTA,930.5,1,-0.077745953,2.439550258
3209,KABUPATEN CIREBON,7,2017,2159580,4,CIAMIS KOTA,930.5,1,-0.022651026,2.303599515
3210,KABUPATEN MAJALENGKA,8,2017,1193720,27,CIAMIS KOTA,930.5,1,0.042119309,2.452795784
3211,KABUPATEN SUMEDANG,8,2017,1146440,55,CIAMIS KOTA,930.5,1,0.530173713,2.452599685
3212,KABUPATEN INDRAMAYU,3,2017,1709990,3,CIAMIS KOTA,930.5,1,-0.600393271,2.344622612
3213,KABUPATEN SUBANG,6,2017,1562510,3,GUNUNG PUTRI II,645,1,-0.524946343,0.655727242
3214,KABUPATEN PURWAKARTA,0,2017,943337,2,GUNUNG PUTRI II,645,1,-1.357172746,0.708653985
3215,KABUPATEN KARAWANG,7,2017,2316490,4,GUNUNG PUTRI II,645,1,-0.073036848,0.546791656
3216,KABUPATEN BEKASI,7,2017,3500020,3,GUNUNG PUTRI II,645,1,0.450772327,0.365391058
3217,KABUPATEN BANDUNG BARAT,3,2017,1666510,22,CIAMIS KOTA,930.5,1,-0.274432967,2.346238957
3218,KABUPATEN PANGANDARAN,5,2017,395098,16,KALIPUCANG,736,1,-0.872374771,1.376682624
3271,KOTA BOGOR,16,2017,1081010,131,GUNUNG PUTRI II,645,0,2.468740188,0.766195943
3272,KOTA SUKABUMI,0,2017,323788,0,GUNUNG PUTRI II,645,1,-1.677310923,0.804284489
3273,KOTA BANDUNG,5,2017,2497940,2,CIAMIS KOTA,930.5,1,-0.080923701,2.238068469
3274,KOTA CIREBON,0,2017,313325,0,CIAMIS KOTA,930.5,1,-1.559857788,2.53861336
3275,KOTA BEKASI,5,2017,2859630,2,GUNUNG PUTRI II,645,1,-0.037527852,0.449827756
3276,KOTA DEPOK,0,2017,2254510,0,GUNUNG PUTRI II,645,1,-0.793111612,0.507926925
3277,KOTA CIMAHI,3,2017,601099,8,CIAMIS KOTA,930.5,1,-1.017205273,2.513501674
3278,KOTA TASIKMALAYA,7,2017,661404,22,CIAMIS KOTA,930.5,1,-0.381091538,2.528771663
3279,KOTA BANJAR,2,2017,182388,9,CIAMIS KOTA,930.5,1,-1.279166322,2.57044252
3201,KABUPATEN BOGOR,4,2018,5403072.805,48,GUNUNG PUTRI II,363,0,1.75549367,-1.671369032
3202,KABUPATEN SUKABUMI,3,2018,2460700,69,GUNUNG PUTRI II,363,2,0.70186515,-1.23238074
3203,KABUPATEN CIANJUR,4,2018,2260600,21,GUNUNG PUTRI II,363,2,-0.175145799,-1.181825719
3204,KABUPATEN BANDUNG,19,2018,3717300,16,CIAMIS KOTA,466,0,1.77121279,-0.673026915
3205,KABUPATEN GARUT,3,2018,2606400,33,CIAMIS KOTA,466,2,0.157355254,-0.620046731
3206,KABUPATEN TASIKMALAYA,5,2018,1751300,16,CIAMIS KOTA,466,2,-0.366892428,-0.470140657
3207,KABUPATEN CIAMIS,5,2018,1188600,25,CIAMIS KOTA,466,2,-0.46075387,-0.386164344
3208,KABUPATEN KUNINGAN,3,2018,1074500,55,CIAMIS KOTA,466,2,-0.143714333,-0.390762861
3209,KABUPATEN CIREBON,10,2018,2176200,4,CIAMIS KOTA,466,2,0.051303784,-0.496850138
3210,KABUPATEN MAJALENGKA,5,2018,1199300,55,CIAMIS KOTA,466,2,0.090260867,-0.395792509
3211,KABUPATEN SUMEDANG,5,2018,1149900,37,CIAMIS KOTA,466,2,-0.260031226,-0.383418364
3212,KABUPATEN INDRAMAYU,2,2018,1719200,1,CIAMIS KOTA,466,2,-0.919882427,-0.482410492
3213,KABUPATEN SUBANG,2,2018,1579000,9,GUNUNG PUTRI II,363,2,-0.882560631,-1.08813535
3214,KABUPATEN PURWAKARTA,0,2018,953400,3,GUNUNG PUTRI II,363,2,-1.455106626,-1.004637894
3215,KABUPATEN KARAWANG,1,2018,2336000,0,GUNUNG PUTRI II,363,2,-0.788127677,-1.208999192
3216,KABUPATEN BEKASI,5,2018,3630900,0,GUNUNG PUTRI II,363,2,0.158531485,-1.379507563
3217,KABUPATEN BANDUNG BARAT,2,2018,1683700,28,CIAMIS KOTA,466,2,-0.444637036,-0.484148579
3218,KABUPATEN PANGANDARAN,3,2018,397200,4,KALIPUCANG,513,2,-1.362163039,0.012022427
3271,KOTA BOGOR,12,2018,1096800,101,GUNUNG PUTRI II,363,0,1.455467888,-0.967976289
3272,KOTA SUKABUMI,1,2018,326300,3,GUNUNG PUTRI II,363,2,-1.65388454,-0.901317418
3273,KOTA BANDUNG,13,2018,2503700,11,CIAMIS KOTA,466,2,0.593945522,-0.527793403
3274,KOTA CIREBON,2,2018,316300,1,CIAMIS KOTA,466,2,-1.562358772,-0.267071345
3275,KOTA BEKASI,6,2018,2931900,1,GUNUNG PUTRI II,363,2,-0.054970154,-1.265416937
3276,KOTA DEPOK,0,2018,2330300,0,GUNUNG PUTRI II,363,2,-0.879148773,-1.215187575
3277,KOTA CIMAHI,13,2018,607800,11,CIAMIS KOTA,466,2,-0.2743066,-0.236780867
3278,KOTA TASIKMALAYA,8,2018,662700,19,CIAMIS KOTA,466,2,-0.545587419,-0.282653864
3279,KOTA BANJAR,0,2018,182800,0,CIAMIS KOTA,466,2,-1.818522067,-0.260440093
3201,KABUPATEN BOGOR,10,2019,5403072.805,68,GUNUNG PUTRI II,360,0,2.648749729,-1.652520262
3202,KABUPATEN SUKABUMI,10,2019,2466300,100,GUNUNG PUTRI II,360,0,1.886338503,-1.21025635
3203,KABUPATEN CIANJUR,3,2019,2263100,7,GUNUNG PUTRI II,360,2,-0.51854958,-1.203753325
3204,KABUPATEN BANDUNG,18,2019,3775300,20,CIAMIS KOTA,463,0,1.780894677,-0.708264989
3205,KABUPATEN GARUT,21,2019,2622400,39,CIAMIS KOTA,463,0,1.864013748,-0.515167494
3206,KABUPATEN TASIKMALAYA,3,2019,1754100,23,CIAMIS KOTA,463,2,-0.416289354,-0.504767653
3207,KABUPATEN CIAMIS,5,2019,1195200,32,CIAMIS KOTA,463,2,-0.331589123,-0.407248005
3208,KABUPATEN KUNINGAN,8,2019,1080800,34,CIAMIS KOTA,463,2,-0.082340341,-0.369030551
3209,KABUPATEN CIREBON,9,2019,2192900,2,CIAMIS KOTA,463,2,-0.067151108,-0.524151687
3210,KABUPATEN MAJALENGKA,2,2019,1205000,37,CIAMIS KOTA,463,2,-0.501314116,-0.431273151
3211,KABUPATEN SUMEDANG,16,2019,1152400,50,CIAMIS KOTA,463,0,0.948996547,-0.327773444
3212,KABUPATEN INDRAMAYU,2,2019,1728500,0,CIAMIS KOTA,463,2,-0.935111722,-0.501779055
3213,KABUPATEN SUBANG,2,2019,1595800,11,GUNUNG PUTRI II,360,2,-0.83974375,-1.109453708
3214,KABUPATEN PURWAKARTA,0,2019,962900,10,GUNUNG PUTRI II,360,2,-1.324613786,-1.026166693
3215,KABUPATEN KARAWANG,6,2019,2353900,1,GUNUNG PUTRI II,360,2,-0.320957324,-1.194903656
3216,KABUPATEN BEKASI,7,2019,3763900,0,GUNUNG PUTRI II,360,2,0.394977447,-1.404003121
3217,KABUPATEN BANDUNG BARAT,1,2019,1699900,26,CIAMIS KOTA,463,2,-0.56332091,-0.51137338
3218,KABUPATEN PANGANDARAN,0,2019,399300,2,KALIPUCANG,372,2,-1.723214161,-0.864697987
3271,KOTA BOGOR,11,2019,1112100,112,GUNUNG PUTRI II,360,0,1.573021477,-0.998523441
3272,KOTA SUKABUMI,0,2019,328700,2,GUNUNG PUTRI II,360,2,-1.760684487,-0.926690171
3273,KOTA BANDUNG,8,2019,2507900,6,CIAMIS KOTA,463,2,0.061511813,-0.580630917
3274,KOTA CIREBON,2,2019,319300,0,CIAMIS KOTA,463,2,-1.580473234,-0.285472886
3275,KOTA BEKASI,4,2019,3003900,1,GUNUNG PUTRI II,360,2,-0.200102762,-1.308802493
3276,KOTA DEPOK,2,2019,2406800,1,GUNUNG PUTRI II,360,2,-0.650373904,-1.231276817
3277,KOTA CIMAHI,6,2019,614300,6,CIAMIS KOTA,463,2,-0.982508407,-0.304098039
3278,KOTA TASIKMALAYA,6,2019,663500,18,CIAMIS KOTA,463,2,-0.741530812,-0.314844333
3279,KOTA BANJAR,0,2019,183100,1,CIAMIS KOTA,463,2,-1.801465395,-0.278959579
3201,KABUPATEN BOGOR,33.76479186,2020,5403072.805,133,GUNUNG PUTRI II,609,0,6.039676222,0.009236689
3202,KABUPATEN SUKABUMI,13,2020,2718740,128,GUNUNG PUTRI II,609,0,2.883502015,0.275933102
3203,KABUPATEN CIANJUR,4,2020,2470560,21,GUNUNG PUTRI II,609,1,0.026339894,0.278940435
3204,KABUPATEN BANDUNG,19,2020,3616540,16,CIAMIS KOTA,535,0,1.754612713,-0.238794044
3205,KABUPATEN GARUT,15,2020,2577350,72,CIAMIS KOTA,535,0,1.944473072,-0.122442817
3206,KABUPATEN TASIKMALAYA,6,2020,1861060,29,CIAMIS KOTA,535,2,0.037978209,-0.064618893
3207,KABUPATEN CIAMIS,12,2020,1226050,77,CIAMIS KOTA,535,0,1.15141459,0.062455062
3208,KABUPATEN KUNINGAN,4,2020,1162590,51,CIAMIS KOTA,535,2,-0.058232655,0.02261042
3209,KABUPATEN CIREBON,30,2020,2270350,5,CIAMIS KOTA,535,0,1.910383225,0.048464874
3210,KABUPATEN MAJALENGKA,13,2020,1301570,53,CIAMIS KOTA,535,0,0.837519039,0.064314984
3211,KABUPATEN SUMEDANG,21,2020,1149470,82,CIAMIS KOTA,535,0,2.003059226,0.136448587
3212,KABUPATEN INDRAMAYU,5,2020,1829230,0,CIAMIS KOTA,535,2,-0.592920175,-0.059076864
3213,KABUPATEN SUBANG,7,2020,1605250,18,GUNUNG PUTRI II,609,1,-0.159319436,0.43375032
3214,KABUPATEN PURWAKARTA,5,2020,994330,19,GUNUNG PUTRI II,609,1,-0.59771581,0.513131115
3215,KABUPATEN KARAWANG,8,2020,2434090,0,GUNUNG PUTRI II,609,1,-0.018999366,0.318381693
3216,KABUPATEN BEKASI,16,2020,3101730,1,GUNUNG PUTRI II,609,1,1.012244544,0.272142092
3217,KABUPATEN BANDUNG BARAT,3,2020,1782190,34,CIAMIS KOTA,535,2,-0.172354365,-0.075033573
3218,KABUPATEN PANGANDARAN,10,2020,422410,5,KALIPUCANG,877,1,-0.557682259,2.266475537
3271,KOTA BOGOR,10,2020,1040570,73,GUNUNG PUTRI II,609,0,0.84852009,0.526975649
3272,KOTA SUKABUMI,0,2020,344830,0,GUNUNG PUTRI II,609,1,-1.683088871,0.582567688
3273,KOTA BANDUNG,8,2020,2438350,5,CIAMIS KOTA,535,2,0.042285478,-0.13271521
3274,KOTA CIREBON,4,2020,332580,3,CIAMIS KOTA,535,2,-1.312129808,0.162790621
3275,KOTA BEKASI,5,2020,2536120,0,GUNUNG PUTRI II,609,1,-0.237505516,0.281530597
3276,KOTA DEPOK,5,2020,2046830,6,GUNUNG PUTRI II,609,1,-0.352359344,0.355037366
3277,KOTA CIMAHI,13,2020,566170,1,CIAMIS KOTA,535,2,-0.445865501,0.191037722
3278,KOTA TASIKMALAYA,0,2020,713670,5,CIAMIS KOTA,535,2,-1.454839863,0.075509316
3279,KOTA BANJAR,1,2020,200270,15,CIAMIS KOTA,535,2,-1.419509203,0.158715407
3201,KABUPATEN BOGOR,33.76479186,2021,5403072.805,138.7063337,GUNUNG PUTRI II,568,0,6.125997985,-0.241114644
3202,KABUPATEN SUKABUMI,27,2021,2747450,138.7063337,GUNUNG PUTRI II,568,0,4.311740873,0.118730275
3203,KABUPATEN CIANJUR,8,2021,2500640,29,GUNUNG PUTRI II,568,2,0.521833493,0.051614631
3204,KABUPATEN BANDUNG,33.76479186,2021,3652400,52,CIAMIS KOTA,487,0,3.711185841,-0.440908948
3205,KABUPATEN GARUT,14,2021,2613530,54,CIAMIS KOTA,487,0,1.524410208,-0.42158407
3206,KABUPATEN TASIKMALAYA,1,2021,1876890,7,CIAMIS KOTA,487,2,-0.817862298,-0.387824976
3207,KABUPATEN CIAMIS,12,2021,1234830,89,CIAMIS KOTA,487,0,1.353328777,-0.23340286
3208,KABUPATEN KUNINGAN,4,2021,1175950,47,CIAMIS KOTA,487,2,-0.145482081,-0.26969144
3209,KABUPATEN CIREBON,9,2021,2301330,6,CIAMIS KOTA,487,2,0.065597365,-0.396202034
3210,KABUPATEN MAJALENGKA,9,2021,1315010,77,CIAMIS KOTA,487,0,0.906370322,-0.26370577
3211,KABUPATEN SUMEDANG,14,2021,1159260,84,CIAMIS KOTA,487,0,1.404522834,-0.206345609
3212,KABUPATEN INDRAMAYU,10,2021,1851730,1,CIAMIS KOTA,487,2,-0.142911199,-0.318796089
3213,KABUPATEN SUBANG,16,2021,1620700,46,GUNUNG PUTRI II,568,0,1.13560405,0.238662865
3214,KABUPATEN PURWAKARTA,3,2021,1008930,18,GUNUNG PUTRI II,568,2,-0.803610075,0.248197299
3215,KABUPATEN KARAWANG,15,2021,2465570,7,GUNUNG PUTRI II,568,1,0.724163683,0.112297116
3216,KABUPATEN BEKASI,9,2021,3148740,3,GUNUNG PUTRI II,568,2,0.433750783,-0.033881643
3217,KABUPATEN BANDUNG BARAT,10,2021,1808420,53,CIAMIS KOTA,487,2,0.783852945,-0.325990175
3218,KABUPATEN PANGANDARAN,0,2021,425590,3,KALIPUCANG,590,2,-1.599627704,0.454060244
3271,KOTA BOGOR,18,2021,1050920,138.7063337,GUNUNG PUTRI II,568,0,2.739096485,0.315570587
3272,KOTA SUKABUMI,2,2021,350150,2,GUNUNG PUTRI II,568,2,-1.484978755,0.346512973
3273,KOTA BANDUNG,2,2021,2461410,5,CIAMIS KOTA,487,2,-0.498170673,-0.469950601
3274,KOTA CIREBON,1,2021,335810,2,CIAMIS KOTA,487,2,-1.614639065,-0.149944831
3275,KOTA BEKASI,14,2021,2568020,2,GUNUNG PUTRI II,568,1,0.591652201,0.09083913
3276,KOTA DEPOK,3,2021,2081130,2,GUNUNG PUTRI II,568,2,-0.603843191,0.08787826
3277,KOTA CIMAHI,6,2021,574450,3,CIAMIS KOTA,487,2,-1.045093416,-0.151524696
3278,KOTA TASIKMALAYA,2,2021,723100,2,CIAMIS KOTA,487,2,-1.348863854,-0.202328879
3279,KOTA BANJAR,1,2021,202720,3,CIAMIS KOTA,487,2,-1.657385547,-0.129782278
3201,KABUPATEN BOGOR,28,2022,5403072.805,103,GUNUNG PUTRI II,675,0,5.012152114,0.37706334
3202,KABUPATEN SUKABUMI,30,2022,2775310,96,GUNUNG PUTRI II,675,0,3.858128567,0.796403647
3203,KABUPATEN CIANJUR,12,2022,2529810,32,GUNUNG PUTRI II,675,1,0.989261593,0.723983571
3204,KABUPATEN BANDUNG,25,2022,3687250,29,CIAMIS KOTA,661,0,2.608059568,0.553975936
3205,KABUPATEN GARUT,12,2022,2648950,28,CIAMIS KOTA,661,1,0.965013547,0.621793715
3206,KABUPATEN TASIKMALAYA,4,2022,1892220,8,CIAMIS KOTA,661,1,-0.452902827,0.686765898
3207,KABUPATEN CIAMIS,8,2022,1243320,35,CIAMIS KOTA,661,1,0.095070862,0.807435323
3208,KABUPATEN KUNINGAN,6,2022,1189010,18,CIAMIS KOTA,661,1,-0.416087424,0.806170322
3209,KABUPATEN CIREBON,13,2022,2331360,2,CIAMIS KOTA,661,1,0.434680511,0.684526723
3210,KABUPATEN MAJALENGKA,6,2022,1328010,25,CIAMIS KOTA,661,1,-0.225003838,0.782971072
3211,KABUPATEN SUMEDANG,10,2022,1168840,21,CIAMIS KOTA,661,1,-0.017070261,0.836720991
3212,KABUPATEN INDRAMAYU,1,2022,1873400,1,CIAMIS KOTA,661,1,-0.854180534,0.670328104
3213,KABUPATEN SUBANG,7,2022,1635560,9,GUNUNG PUTRI II,675,1,-0.281013192,0.83205299
3214,KABUPATEN PURWAKARTA,4,2022,1023180,13,GUNUNG PUTRI II,675,1,-0.753877445,0.903796004
3215,KABUPATEN KARAWANG,17,2022,2496190,2,GUNUNG PUTRI II,675,1,0.869803875,0.772446405
3216,KABUPATEN BEKASI,7,2022,3193840,2,GUNUNG PUTRI II,675,1,0.305194725,0.594727023
3217,KABUPATEN BANDUNG BARAT,5,2022,1834230,46,CIAMIS KOTA,661,1,0.300695677,0.692615127
3218,KABUPATEN PANGANDARAN,5,2022,428600,4,KALIPUCANG,1034.465458,1,-0.947681581,3.186145787
3271,KOTA BOGOR,10,2022,1060940,40,GUNUNG PUTRI II,675,1,0.285382556,0.933192676
3272,KOTA SUKABUMI,5,2022,355420,13,GUNUNG PUTRI II,675,1,-0.971276136,1.013357615
3273,KOTA BANDUNG,2,2022,2484150,1,CIAMIS KOTA,661,1,-0.486068903,0.583643902
3274,KOTA CIREBON,9,2022,338940,1,CIAMIS KOTA,661,1,-0.849620846,0.962367621
3275,KOTA BEKASI,7,2022,2598070,3,GUNUNG PUTRI II,675,1,0.050557904,0.685908977
3276,KOTA DEPOK,6,2022,2113620,1,GUNUNG PUTRI II,675,1,-0.296120631,0.753739053
3277,KOTA CIMAHI,10,2022,582650,6,CIAMIS KOTA,661,1,-0.558580879,0.930691528
3278,KOTA TASIKMALAYA,2,2022,732480,3,CIAMIS KOTA,661,1,-1.251861381,0.851985367
3279,KOTA BANJAR,0,2022,205140,0,CIAMIS KOTA,661,1,-1.724796475,0.919601758
3201,KABUPATEN BOGOR,29,2023,5403072.805,109,GUNUNG PUTRI II,400,0,5.092036793,-1.28646799
3202,KABUPATEN SUKABUMI,7,2023,2802400,56,GUNUNG PUTRI II,400,2,0.991186898,-1.028560469
3203,KABUPATEN CIANJUR,11,2023,2558140,14,GUNUNG PUTRI II,400,2,0.468407326,-0.951634302
3204,KABUPATEN BANDUNG,20,2023,3721110,33,CIAMIS KOTA,340,0,2.116882817,-1.435777992
3205,KABUPATEN GARUT,10,2023,2683670,17,CIAMIS KOTA,340,2,0.466405497,-1.342909411
3206,KABUPATEN TASIKMALAYA,3,2023,1907050,8,CIAMIS KOTA,340,2,-0.67196706,-1.270749001
3207,KABUPATEN CIAMIS,6,2023,1251540,26,CIAMIS KOTA,340,2,-0.379265573,-1.15373255
3208,KABUPATEN KUNINGAN,3,2023,1201760,9,CIAMIS KOTA,340,2,-0.976759993,-1.162756196
3209,KABUPATEN CIREBON,11,2023,2360440,1,CIAMIS KOTA,340,2,0.115527727,-1.281972608
3210,KABUPATEN MAJALENGKA,7,2023,1340620,21,CIAMIS KOTA,340,2,-0.341078608,-1.15901168
3211,KABUPATEN SUMEDANG,4,2023,1178240,8,CIAMIS KOTA,340,2,-0.917324395,-1.151816476
3212,KABUPATEN INDRAMAYU,2,2023,1894330,0,CIAMIS KOTA,340,2,-0.911833598,-1.273730308
3213,KABUPATEN SUBANG,4,2023,1649820,7,GUNUNG PUTRI II,400,2,-0.693871327,-0.859790889
3214,KABUPATEN PURWAKARTA,3,2023,1037070,25,GUNUNG PUTRI II,400,2,-0.735230165,-0.777591152
3215,KABUPATEN KARAWANG,16,2023,2526000,4,GUNUNG PUTRI II,400,2,0.713703748,-0.908722483
3216,KABUPATEN BEKASI,8,2023,3237420,4,GUNUNG PUTRI II,400,2,0.332222162,-1.074428882
3217,KABUPATEN BANDUNG BARAT,4,2023,1859640,43,CIAMIS KOTA,340,2,0.031865239,-1.265725181
3218,KABUPATEN PANGANDARAN,1,2023,431460,4,KALIPUCANG,759,1,-1.417962865,1.485631161
3271,KOTA BOGOR,12,2023,1070720,37,GUNUNG PUTRI II,400,2,0.29432246,-0.722380805
3272,KOTA SUKABUMI,3,2023,360640,6,GUNUNG PUTRI II,400,2,-1.39088264,-0.668704394
3273,KOTA BANDUNG,1,2023,2506600,6,CIAMIS KOTA,340,2,-0.610624369,-1.376371594
3274,KOTA CIREBON,2,2023,341980,2,CIAMIS KOTA,340,2,-1.586344884,-1.035983611
3275,KOTA BEKASI,5,2023,2627210,1,GUNUNG PUTRI II,400,2,-0.267075035,-1.00115561
3276,KOTA DEPOK,3,2023,2145400,2,GUNUNG PUTRI II,400,2,-0.6463438,-0.941592647
3277,KOTA CIMAHI,6,2023,590780,11,CIAMIS KOTA,340,2,-0.954926495,-1.048315837
3278,KOTA TASIKMALAYA,6,2023,741760,10,CIAMIS KOTA,340,2,-0.903987054,-1.071224429
3279,KOTA BANJAR,0,2023,207510,2,CIAMIS KOTA,340,2,-1.824748586,-1.02946966
3201,KABUPATEN BOGOR,29,2024,5403072.805,127,GUNUNG PUTRI II,531,0,5.475796822,-0.496209735
3202,KABUPATEN SUKABUMI,24,2024,2828020,60,GUNUNG PUTRI II,531,0,2.634808499,-0.118431829
3203,KABUPATEN CIANJUR,8,2024,2584990,19,GUNUNG PUTRI II,531,2,0.362581914,-0.183226838
3204,KABUPATEN BANDUNG,21,2024,3753120,31,CIAMIS KOTA,425,0,2.219940409,-0.917223746
3205,KABUPATEN GARUT,7,2024,2716950,20,CIAMIS KOTA,425,2,0.307420966,-0.854134302
3206,KABUPATEN TASIKMALAYA,3,2024,1920920,8,CIAMIS KOTA,425,2,-0.629219988,-0.757006036
3207,KABUPATEN CIAMIS,11,2024,1259230,29,CIAMIS KOTA,425,2,0.157316272,-0.604523012
3208,KABUPATEN KUNINGAN,3,2024,1213930,22,CIAMIS KOTA,425,2,-0.698141827,-0.652212785
3209,KABUPATEN CIREBON,18,2024,2387960,3,CIAMIS KOTA,425,2,0.819808574,-0.721414079
3210,KABUPATEN MAJALENGKA,5,2024,1352540,12,CIAMIS KOTA,425,2,-0.639880336,-0.656700288
3211,KABUPATEN SUMEDANG,7,2024,1187130,14,CIAMIS KOTA,425,2,-0.502402954,-0.617716327
3212,KABUPATEN INDRAMAYU,7,2024,1914040,0,CIAMIS KOTA,425,2,-0.424358491,-0.725567212
3213,KABUPATEN SUBANG,10,2024,1663160,12,GUNUNG PUTRI II,531,2,-0.010187464,-0.025739915
3214,KABUPATEN PURWAKARTA,3,2024,1050340,21,GUNUNG PUTRI II,531,2,-0.745876957,0.016486439
3215,KABUPATEN KARAWANG,26,2024,2554380,4,GUNUNG PUTRI II,531,0,1.666899112,-0.047395887
3216,KABUPATEN BEKASI,11,2024,3273870,5,GUNUNG PUTRI II,531,2,0.688442162,-0.264050354
3217,KABUPATEN BANDUNG BARAT,8,2024,1884190,49,CIAMIS KOTA,425,2,0.542369088,-0.726965466
3218,KABUPATEN PANGANDARAN,1,2024,434100,1,KALIPUCANG,456,2,-1.601103212,-0.352907268
3271,KOTA BOGOR,9,2024,1078350,53,GUNUNG PUTRI II,531,2,0.379936993,0.046048734
3272,KOTA SUKABUMI,15,2024,365740,11,GUNUNG PUTRI II,531,2,-0.180508154,0.208991241
3273,KOTA BANDUNG,9,2024,2528160,13,CIAMIS KOTA,425,2,0.270356813,-0.809165882
3274,KOTA CIREBON,5,2024,344850,1,CIAMIS KOTA,425,2,-1.301607104,-0.499096073
3275,KOTA BEKASI,6,2024,2644060,2,GUNUNG PUTRI II,531,2,-0.096652523,-0.201895184
3276,KOTA DEPOK,5,2024,2163640,5,GUNUNG PUTRI II,531,2,-0.350466379,-0.136014655
3277,KOTA CIMAHI,3,2024,598700,7,CIAMIS KOTA,425,2,-1.252951693,-0.553784732
3278,KOTA TASIKMALAYA,7,2024,750730,8,CIAMIS KOTA,425,2,-0.81148093,-0.549133642
3279,KOTA BANJAR,0,2024,209790,3,CIAMIS KOTA,425,2,-1.769105487,-0.514213871
